INSERT INTO punëtorët VALUES (1, 'Aamir', 'Tyson', '1995-02-28', 'Prishtinë', '+38344512438', 101);
INSERT INTO punëtorët VALUES (2, 'Tommie', 'Lucero', '199-11-28', 'Gjakovë', '+38345233122', 102);
INSERT INTO punëtorët VALUES (3, 'Kaylee', 'Travers', '1998-10-12', 'Prizren', '+38344127328', 103);
INSERT INTO punëtorët VALUES (4, 'Derrick', 'Bautista', '1997-10-10', 'Prishtinë', '+38345271282', 101);
INSERT INTO punëtorët VALUES (5, 'Aniqa', 'Bass', '1998-07-27', 'Gjakovë', '+38345255366', 102);
INSERT INTO punëtorët VALUES (6, 'Lila', 'Vincent', '2000-06-11', 'Pejë', '+38344124728', 104);
INSERT INTO punëtorët VALUES (7, 'Bailey', 'Duncan', '1986-12-12', 'Prishtinë', '+38344124524', 101);
INSERT INTO punëtorët VALUES (8, 'Maisen', 'Cartwright', '1998-03-09', 'Ferizaj', '+38344753143', 105);
INSERT INTO punëtorët VALUES (9, 'Alastair', 'May', '1999-04-10', 'Gjilan', '+38345454352', 106);
INSERT INTO punëtorët VALUES (10, 'Frances', 'Robinson', '1986-04-11', 'Mitrovicë', '+38345454353', 107);
INSERT INTO punëtorët VALUES (11, 'Amy', 'Ellis', '1998-07-06', 'Vushtrri', '+38345523524', 108);
INSERT INTO punëtorët VALUES (12, 'Hashir', 'Miller', '1999-11-28', 'Podujevë', '+38344122753', 109);
INSERT INTO punëtorët VALUES (13, 'Sidrah', 'Faulkner', '2000-07-12', 'Deçan', '+38344444321', 110);
INSERT INTO punëtorët VALUES (14, 'Asif', 'Sweenez', '2002-07-31', 'Prishtinë', '+38345444123', 101);
INSERT INTO punëtorët VALUES (15, 'Morio', 'Carrigan', '1995-12-28', 'Gjakovë', '+38344123444', 102);
INSERT INTO punëtorët VALUES (16, 'Daanish', 'Benton', '1985-01-23', 'Pejë', '+38345412344', 104);
INSERT INTO punëtorët VALUES (17, 'Zayyan', 'Copper', '1984-08-19', 'Mitrovicë', '+38344102030', 107);
INSERT INTO punëtorët VALUES (18, 'Piper', 'Robson', '199-02-18', 'Vushtrri', '+38345100200', 108);
INSERT INTO punëtorët VALUES (19, 'Haydn', 'Hatfield', '1991-04-27', 'Deçan', '+38345200100', 110);
INSERT INTO punëtorët VALUES (20, 'Desiree', 'Bishop', '1992-05-02', 'Prishtinë', '+38344321123', 101);
INSERT INTO punëtorët VALUES (21, 'Rhian', 'Knapp', '1993-06-03', 'Prizren', '+38345789888', 103);
INSERT INTO punëtorët VALUES (22, 'Elmer', 'Pate', '1996-08-04', 'Prishtinë', '+38344125728', 101);
INSERT INTO punëtorët VALUES (23, 'Jerry', 'Wallis', '2001-09-05', 'Podujevë', '+38345526625', 109);
INSERT INTO punëtorët VALUES (24, 'Jenson', 'Coulson', '1981-10-06', 'Mitrovicë', '+38345778998', 107);
INSERT INTO punëtorët VALUES (25, 'Flynn', 'Bevan', '1990-11-07', 'Gjilan', '+38344998778', 106);
INSERT INTO punëtorët VALUES (26, 'Bianka', 'Pike', '1980-03-08', 'Ferizaj', '+38345777889', 105);
INSERT INTO punëtorët VALUES (27, 'Precious', 'Morse', '1982-12-10', 'Gjakovë', '+38344155555', 102);
INSERT INTO punëtorët VALUES (28, 'Zahraa', 'Campos', '1993-12-13', 'Pejë', '+38344111987', 104);
INSERT INTO punëtorët VALUES (29, 'Aaisha', 'Marquez', '1993-08-14', 'Ferizaj', '+38345237218', 105);
INSERT INTO punëtorët VALUES (30, 'Mazie', 'Cohen', '1992-02-15', 'Pejë', '+38345554455', 104);
INSERT INTO punëtorët VALUES (31, 'Leland', 'Wise', '1992-03-16', 'Prishtinë', '+38344303030', 101);
INSERT INTO punëtorët VALUES (32, 'Ava', 'Cummings', '1997-06-18', 'Gjilan', '+38345102020', 106);
INSERT INTO punëtorët VALUES (33, 'Aayat', 'Adam', '1997-08-23', 'Deçan', '+38345201020', 110);
INSERT INTO punëtorët VALUES (34, 'Jonny', 'Hall', '1994-10-25', 'Ferizaj', '+38344808080', 105);
INSERT INTO punëtorët VALUES (35, 'Kean', 'Huynh', '1994-05-27', 'Podujevë', '+38345808080', 109);
INSERT INTO punëtorët VALUES (36, 'Hadiya', 'Hale', '1989-05-21', 'Gjakovë', '+38344918181', 102);
INSERT INTO punëtorët VALUES (37, 'Jane', 'Oneal', '1988-07-22', 'Deçan', '+38345819181', 110);
INSERT INTO punëtorët VALUES (38, 'Bobbie', 'Haines', '1988-05-27', 'Ferizaj', '+38344171213', 105);
INSERT INTO punëtorët VALUES (39, 'Avi', 'Thompson', '1990-07-20', 'Vushtrri', '+38345454747', 108);
INSERT INTO punëtorët VALUES (40, 'Cherry', 'Richardson', '1990-10-10', 'Prishtinë', '+38345233323', 101);
INSERT INTO punëtorët VALUES (41, 'Leart', 'Bllacaku', '2002-07-29', 'Prishtinë', '+38349377405', 101);
INSERT INTO punëtorët VALUES (42, 'Gentin', 'Morina', '2002-03-29', 'Prishtinë', '+38349605690', 108);
INSERT INTO punëtorët VALUES (43, 'Bleron', 'Sylmetaj', '2002-07-31', 'Gjakovë', '+38344519240', 102);
INSERT INTO punëtorët VALUES (44, 'Blendi', 'Rexhepi', '2001-12-01', 'Prishtinë', '+38345123654', 101);
INSERT INTO punëtorët VALUES (45, 'Ariel', 'Robson', '2000-12-01', 'Pejë', '+38345111987', 104);
INSERT INTO punëtorët VALUES (46, 'Roy', 'Wiggins', '1999-02-24', 'Gjakovë', '+38344998899', 102);
INSERT INTO punëtorët VALUES (47, 'Etta', 'Barton', '1998-01-23', 'Vushtrri', '+38344125328', 108);
INSERT INTO punëtorët VALUES (48, 'Kerrie', 'Herring', '1997-03-30', 'Podujevë', '+38344823521', 109);
INSERT INTO punëtorët VALUES (49, 'Isa', 'Davidson', '1991-04-28', 'Deçan', '+38345822522', 110);
INSERT INTO punëtorët VALUES (50, 'Dana', 'Tomlison', '1989-08-20', 'Prizren', '+38344282252', 103);
INSERT INTO punëtorët VALUES (51, 'Lyndon', 'Mcdowell', '1985-09-21', 'Ferizaj', '+38344393353', 105);
INSERT INTO punëtorët VALUES (52, 'Ralphy', 'Finch', '1980-10-19', 'Mitrovicë', '+38344252282', 107);
INSERT INTO punëtorët VALUES (53, 'Sanya', 'Ryan', '1979-11-20', 'Gjilan', '+38344339335', 106);
INSERT INTO punëtorët VALUES (54, 'Irfan', 'Gordon', '1978-10-19', 'Prizren', '+3834555559', 103);
INSERT INTO punëtorët VALUES (55, 'Trinity', 'Maxwell', '1981-12-21', 'Gjakovë', '+38344444449', 102);
INSERT INTO punëtorët VALUES (56, 'Kelly', 'Day', '1983-02-23', 'Prizren', '+38345112221', 103);
INSERT INTO punëtorët VALUES (57, 'Annika', 'Floyd', '1985-04-25', 'Pejë', '+38344224582', 104);
INSERT INTO punëtorët VALUES (58, 'Tillie', 'Kaur', '1987-06-27', 'Ferizaj', '+38344139157', 105);
INSERT INTO punëtorët VALUES (59, 'Ember', 'Cash', '1989-08-29', 'Gjilan', '+38345213987', 106);
INSERT INTO punëtorët VALUES (60, 'Brandon', 'Kline', '1991-10-31', 'Vushtrri', '+38344777777', 108);
INSERT INTO punëtorët VALUES (61, 'Roisin', 'Rusell', '1992-12-02', 'Mitrovicë', '+38345755557', 107);
INSERT INTO punëtorët VALUES (62, 'Eren', 'Walter', '1994-02-04', 'Deçan', '+38344123425', 110);
INSERT INTO punëtorët VALUES (63, 'Emilia', 'Camacho', '1996-04-06', 'Deçam', '+38345278214', 110);
INSERT INTO punëtorët VALUES (64, 'Johnnie', 'Handey', '1998-06-08', 'Mitrovicë', '+38344213221', 107);

INSERT INTO pikat_e_shitjes VALUES (101, 'Prishtinë', '10000');
INSERT INTO pikat_e_shitjes VALUES (102, 'Gjakovë', '50000');
INSERT INTO pikat_e_shitjes VALUES (103, 'Prizren', '20000');
INSERT INTO pikat_e_shitjes VALUES (104, 'Pejë', '30000');
INSERT INTO pikat_e_shitjes VALUES (105, 'Ferizaj', '70000');
INSERT INTO pikat_e_shitjes VALUES (106, 'Gjilan', '60000');
INSERT INTO pikat_e_shitjes VALUES (107, 'Mitrovicë', '40000');
INSERT INTO pikat_e_shitjes VALUES (108, 'Vushtrri', '42000');
INSERT INTO pikat_e_shitjes VALUES (109, 'Podujevë', '11000');
INSERT INTO pikat_e_shitjes VALUES (110, 'Deçan', '51000');

INSERT INTO klientët VALUES (1001, 'Mackenzie', 'Townsend', 'Prishtinë', '+38344111112', 'm.townsend@gmail.com');
INSERT INTO klientët VALUES (1002, 'Shanna', 'Bryan', 'Gjakovë', '+38344211112', 'shanna.b@hotmail.com');
INSERT INTO klientët VALUES (1003, 'Avi', 'Amos', 'Prizren', '+38345322322', 'aviamos@gmail.com');
INSERT INTO klientët VALUES (1004, 'Saanvi', 'Griffiths', 'Prishtinë', '+38345157777', 's.griffiths@gmail.com');
INSERT INTO klientët VALUES (1005, 'Arun', 'Brewer', 'Pejë', '+38344777715', 'a_brewer@hotmail.com');
INSERT INTO klientët VALUES (1006, 'Fredrick', 'Saunders', 'Ferizaj', '+38345771577', 'f_saunders@hotmail.com');
INSERT INTO klientët VALUES (1007, 'Sarah', 'Stewart', 'Gjilan', '+38344177775', 'sarah.s@gmail.com');
INSERT INTO klientët VALUES (1008, 'Kayson', 'Palacios', 'Prishtinë', '+38344578781', 'k.palacios@gmail.com');
INSERT INTO klientët VALUES (1009, 'Ronald', 'Wills', 'Prishtinë', '+38344333555', 'r.w_10@hotmail.com');
INSERT INTO klientët VALUES (1010, 'Vanessa', 'Beach', 'Mitrovicë', '+38345125522', 'v.beach@gmail.com');
INSERT INTO klientët VALUES (1011, 'Leonardo', 'Mcguire', 'Vushtrri', '+38344533333', 'l.mcguire@hotmail.com');
INSERT INTO klientët VALUES (1012, 'Aaron', 'Garrison', 'Podujevë', '+38345377773', 'a_garrison@hotmail.com');
INSERT INTO klientët VALUES (1013, 'Chantal', 'Boone', 'Deçan', '+38344157575', 'chantal_b@gmail.com');
INSERT INTO klientët VALUES (1014, 'Reem', 'Russo', 'Prishtinë', '+38344153214', 'reemrusso@gmail.com');
INSERT INTO klientët VALUES (1015, 'Rianna', 'Reeves', 'Gjakovë', '+38345155599', 'r.reeves@hotmail.com');
INSERT INTO klientët VALUES (1016, 'Doppy', 'Compton', 'Prizren', '+38345545454', 'c_doppz@gmail.com');
INSERT INTO klientët VALUES (1017, 'Amir', 'Zhang', 'Pejë', '+38344155515', 'zh_amir@hotmail.com');
INSERT INTO klientët VALUES (1018, 'Monveer', 'Fields', 'Ferizaj', '+38344444444', 'f_monveer@gmail.com');
INSERT INTO klientët VALUES (1019, 'Kyal', 'Garnish', 'Gjilan', '+38345123456', 'g.kyal@hotmail.com');
INSERT INTO klientët VALUES (1020, 'Yasmin', 'Keenan', 'Mitrovicë', '+38344654321', 'k_yasmin@gmail.com');

INSERT INTO furnizuesit VALUES (10001, 'Elkos Group', 'Pejë');
INSERT INTO furnizuesit VALUES (10002, 'Kosmonte Foods', 'Prishtinë');
INSERT INTO furnizuesit VALUES (10003, 'Albi Group', 'Prishtinë');
INSERT INTO furnizuesit VALUES (10004, 'Apetiti Group', 'Mitrovicë');
INSERT INTO furnizuesit VALUES (10005, 'Vipa', 'Vushtrri');
INSERT INTO furnizuesit VALUES (10006, 'Toni', 'Ferizaj');
INSERT INTO furnizuesit VALUES (10007, 'Passable', 'Prishtinë');
INSERT INTO furnizuesit VALUES (10008, 'Meridian Group', 'Prishtinë');
INSERT INTO furnizuesit VALUES (10009, 'Buçaj', 'Lipjan');
INSERT INTO furnizuesit VALUES (10010, 'Planet Group', 'Prishtinë');
INSERT INTO furnizuesit VALUES (10011, 'Elif', 'Prizren');
INSERT INTO furnizuesit VALUES (10012, 'Naba Group', 'Gjilan');
INSERT INTO furnizuesit VALUES (10013, 'Union Group', 'Prishtinë');
INSERT INTO furnizuesit VALUES (10014, 'Dauti Commerce', 'Ferizaj');
INSERT INTO furnizuesit VALUES (10015, 'Jeta', 'Prizren');
INSERT INTO furnizuesit VALUES (10016, 'Delfin Group', 'Ferizaj');
INSERT INTO furnizuesit VALUES (10017, 'Minex Group', 'Ferizaj');
INSERT INTO furnizuesit VALUES (10018, 'Fluidi Corporation', 'Gjilan');
INSERT INTO furnizuesit VALUES (10019, 'Vjosa', 'Prishtinë');
INSERT INTO furnizuesit VALUES (10020, 'Alpeve', 'Prishtinë');
INSERT INTO furnizuesit VALUES (10021, 'Korporata Rugove', 'Pejë');
INSERT INTO furnizuesit VALUES (10022, 'ERC Trade', 'Prishtinë');
INSERT INTO furnizuesit VALUES (10023, 'Fellini', 'Prishtinë');

INSERT INTO produktet VALUES (3800005103075, 'Milka', 'Serbia', 1.00, '2022-02-01', 10001);
INSERT INTO produktet VALUES (544000000286, 'CocaCola', 'Serbia', 0.50, '2022-03-23', 10001);
INSERT INTO produktet VALUES (90428308, 'Pfanner', 'Austri', 1.5, '2022-03-25', 10001);
INSERT INTO produktet VALUES (4014500511924, 'Jogobella', 'Mali i Zi', 0.9, '2022-01-01', 10002);
INSERT INTO produktet VALUES (38389445509169, 'Loyd', 'Itali', 1.00, '2022-05-23', 10002);
INSERT INTO produktet VALUES (4791014012498, 'Fructal', 'Slloveni', 0.9, '2022-06-06', 10003);
INSERT INTO produktet VALUES (100010001, 'Sugjuk apetit', 'Kosovë', 4.5, '2022-04-03', 10004);
INSERT INTO produktet VALUES (3900586380138, 'Mish i bluar apetit', 'Kosovë', 7.5, '2022-02-02', 10004);
INSERT INTO produktet VALUES (3902634650118, 'Vipa Chips', 'Kosovë', 1.00, '2022-02-03', 10005);
INSERT INTO produktet VALUES (3900102810675, 'Smoki Toni', 'Kosovë', 0.3, '2022-03-05', 10006);
INSERT INTO produktet VALUES (3900102810583, 'Crispy', 'Kosovë', 0.3, '2022-06-06', 10006);
INSERT INTO produktet VALUES (9000101055856, 'Schauma', 'Gjermain', 1.00, '2022-07-07', 10007);
INSERT INTO produktet VALUES (90169380, 'Bravo', 'Maqedoni', 1.00, '2022-03-19', 10008);
INSERT INTO produktet VALUES (3856021303069, 'Chio Chips', 'Mali i Zi', 1.00, '2022-04-11', 10009);
INSERT INTO produktet VALUES (530400001901, 'Marlboro', 'Zvicër', 2.5, '2022-07-07', 10009);
INSERT INTO produktet VALUES (3900720910016, 'Pambuk sheqer', 'Kosovë', 0.5, '2022-01-12', 10010);
INSERT INTO produktet VALUES (8693029604209, 'Today Kek', 'Turki', 0.25, '2022-03-13', 10011);
INSERT INTO produktet VALUES (5907670903349, 'Mish gjedhi Naba', 'Polandë', 7.5, '2022-01-10', 10012);
INSERT INTO produktet VALUES (50173822, 'Orbit', 'Polandë', 0.4, '2022-01-01', 10013);
INSERT INTO produktet VALUES (8681270411516, 'Luppo', 'Turki', 0.5, '2022-05-05', 10013);
INSERT INTO produktet VALUES (8005121000405, 'Makarona', 'Itali', 1.00, '2022-02-17', 10014);
INSERT INTO produktet VALUES (8005121000535, 'Shpageta', 'Itali', 1.00, '2022-02-17', 10014);
INSERT INTO produktet VALUES (3903287660738, 'Ketchup', 'Kosovë', 0.90, '2022-03-18', 10015);
INSERT INTO produktet VALUES (3905308480059, 'Majonezë', 'Kosovë', 0.9, '2022-03-18', 10015);
INSERT INTO produktet VALUES (3903287660752, 'Feferona', 'Kosovë', 1.5, '2022-04-15', 10015);
INSERT INTO produktet VALUES (3903287660813, 'Marmelatë', 'Kosovë', 1.5, '2022-05-14', 10015);
INSERT INTO produktet VALUES (2334527777, 'Peshk', 'Shqipëri', 9.00, '2022-01-17', 10016);
INSERT INTO produktet VALUES (3903287660325, 'Kikirika', 'Kosovë', 1.99, '2022-06-28', 10017);
INSERT INTO produktet VALUES (3906139460593, 'Magnum 250ml', 'Kosovë', 0.3, '2022-02-21', 10017);
INSERT INTO produktet VALUES (3902076610015, 'RC Cola', 'Kosovë', 1.00, '2022-03-22', 10018);
INSERT INTO produktet VALUES (39020766110862, 'Red Rain 1.5L', 'Kosovë', 1.00, '2022-04-04', 10018);
INSERT INTO produktet VALUES (3902076610862, 'Maxi Lëng', 'Kosovë', 1.00, '2022-03-18', 10019);
INSERT INTO produktet VALUES (3901837380051, 'Ujë i gazuar', 'Kosovë', 0.4, '2022-05-30', 10020);
INSERT INTO produktet VALUES (3908068620550, 'Ujë natyral', 'Kosovë', 0.35, '2022-05-30', 10021);
INSERT INTO produktet VALUES (8690787381038, 'Fara', 'Turki', 0.5, '2022-08-09', 10022);
INSERT INTO produktet VALUES (4014501002858, 'Belux', 'Kinë', 1.5, '2025-12-12', 10022);
INSERT INTO produktet VALUES (3908068620925, 'Vaj', 'Kosovë', 1.2, '2022-03-17', 10023);

INSERT INTO menagjerët VALUES (4);
INSERT INTO menagjerët VALUES (8);
INSERT INTO menagjerët VALUES (12);
INSERT INTO menagjerët VALUES (16);
INSERT INTO menagjerët VALUES (20);
INSERT INTO menagjerët VALUES (24);
INSERT INTO menagjerët VALUES (28);
INSERT INTO menagjerët VALUES (32);
INSERT INTO menagjerët VALUES (36);
INSERT INTO menagjerët VALUES (40);

INSERT INTO arkatarët VALUES (1);
INSERT INTO arkatarët VALUES (64);
INSERT INTO arkatarët VALUES (60);
INSERT INTO arkatarët VALUES (56);
INSERT INTO arkatarët VALUES (52);
INSERT INTO arkatarët VALUES (48);
INSERT INTO arkatarët VALUES (44);
INSERT INTO arkatarët VALUES (41);
INSERT INTO arkatarët VALUES (37);
INSERT INTO arkatarët VALUES (33);
INSERT INTO arkatarët VALUES (29);
INSERT INTO arkatarët VALUES (25);
INSERT INTO arkatarët VALUES (21);
INSERT INTO arkatarët VALUES (17);
INSERT INTO arkatarët VALUES (13);
INSERT INTO arkatarët VALUES (9);
INSERT INTO arkatarët VALUES (5);
INSERT INTO arkatarët VALUES (26);

INSERT INTO depoistët VALUES (2);
INSERT INTO depoistët VALUES (6);
INSERT INTO depoistët VALUES (10);
INSERT INTO depoistët VALUES (14);
INSERT INTO depoistët VALUES (18);
INSERT INTO depoistët VALUES (22);
INSERT INTO depoistët VALUES (27);
INSERT INTO depoistët VALUES (31);
INSERT INTO depoistët VALUES (35);
INSERT INTO depoistët VALUES (39);
INSERT INTO depoistët VALUES (43);
INSERT INTO depoistët VALUES (46);
INSERT INTO depoistët VALUES (49);
INSERT INTO depoistët VALUES (51);
INSERT INTO depoistët VALUES (54);
INSERT INTO depoistët VALUES (57);
INSERT INTO depoistët VALUES (59);
INSERT INTO depoistët VALUES (62);

INSERT INTO sektorët VALUES (3);
INSERT INTO sektorët VALUES (7);
INSERT INTO sektorët VALUES (11);
INSERT INTO sektorët VALUES (15);
INSERT INTO sektorët VALUES (19);
INSERT INTO sektorët VALUES (23);
INSERT INTO sektorët VALUES (30);
INSERT INTO sektorët VALUES (34);
INSERT INTO sektorët VALUES (38);
INSERT INTO sektorët VALUES (42);
INSERT INTO sektorët VALUES (45);
INSERT INTO sektorët VALUES (47);
INSERT INTO sektorët VALUES (50);
INSERT INTO sektorët VALUES (53);
INSERT INTO sektorët VALUES (55);
INSERT INTO sektorët VALUES (58);
INSERT INTO sektorët VALUES (61);
INSERT INTO sektorët VALUES (63);

CREATE TABLE Trajnimet (
    Trajnimi_ID INT,
    Lloji_i_trajnimit VARCHAR(45),
    Qendra_e_trajnimit VARCHAR(45),
    Punëtori_ID INT,
    PRIMARY KEY (Trajnimi_ID, Punëtori_ID),
    FOREIGN KEY (Punëtori_ID) REFERENCES punëtorët(Punëtori_ID)
); 

INSERT INTO trajnimet VALUES (201, 'Trajnim për menagjerë', 'Viva fresh training', 4);
INSERT INTO trajnimet VALUES (201, 'Trajnim për menagjerë', 'Viva fresh training', 8);
INSERT INTO trajnimet VALUES (201, 'Trajnim për menagjerë', 'Viva fresh training', 16);
INSERT INTO trajnimet VALUES (201, 'Trajnim për menagjerë', 'Viva fresh training', 32);
INSERT INTO trajnimet VALUES (202, 'Trajnim për arkatarë', 'Viva fresh training', 1);
INSERT INTO trajnimet VALUES (202, 'Trajnim për arkatarë', 'Viva fresh training', 52);
INSERT INTO trajnimet VALUES (202, 'Trajnim për arkatarë', 'Viva fresh training', 37);
INSERT INTO trajnimet VALUES (202, 'Trajnim për arkatarë', 'Viva fresh training', 44);
INSERT INTO trajnimet VALUES (202, 'Trajnim për arkatarë', 'Viva fresh training', 9);
INSERT INTO trajnimet VALUES (202, 'Trajnim për arkatarë', 'Viva fresh training', 5);
INSERT INTO trajnimet VALUES (203, 'Trajnim për depoistë', 'Viva fresh training', 2);
INSERT INTO trajnimet VALUES (203, 'Trajnim për depoistë', 'Viva fresh training', 2);
INSERT INTO trajnimet VALUES (203, 'Trajnim për depoistë', 'Viva fresh training', 6);
INSERT INTO trajnimet VALUES (203, 'Trajnim për depoistë', 'Viva fresh training', 31);
INSERT INTO trajnimet VALUES (203, 'Trajnim për depoistë', 'Viva fresh training', 35);
INSERT INTO trajnimet VALUES (203, 'Trajnim për depoistë', 'Viva fresh training', 27);
INSERT INTO trajnimet VALUES (203, 'Trajnim për depoistë', 'Viva fresh training', 43);
INSERT INTO trajnimet VALUES (203, 'Trajnim për depoistë', 'Viva fresh training', 46);
INSERT INTO trajnimet VALUES (203, 'Trajnim për depoistë', 'Viva fresh training', 59);
INSERT INTO trajnimet VALUES (203, 'Trajnim për depoistë', 'Viva fresh training', 62);
INSERT INTO trajnimet VALUES (204, 'Trajnim për sektorist', 'Viva fresh training', 3);
INSERT INTO trajnimet VALUES (204, 'Trajnim për sektorist', 'Viva fresh training', 7);
INSERT INTO trajnimet VALUES (204, 'Trajnim për sektorist', 'Viva fresh training', 11);
INSERT INTO trajnimet VALUES (204, 'Trajnim për sektorist', 'Viva fresh training', 15);
INSERT INTO trajnimet VALUES (204, 'Trajnim për sektorist', 'Viva fresh training', 55);
INSERT INTO trajnimet VALUES (204, 'Trajnim për sektorist', 'Viva fresh training', 58);
INSERT INTO trajnimet VALUES (204, 'Trajnim për sektorist', 'Viva fresh training', 61);

INSERT INTO pagat VALUES (301, 4, 380);
INSERT INTO pagat VALUES (301, 8, 380);
INSERT INTO pagat VALUES (301, 12, 380);
INSERT INTO pagat VALUES (301, 16, 380);
INSERT INTO pagat VALUES (301, 20, 380);
INSERT INTO pagat VALUES (301, 24, 380);
INSERT INTO pagat VALUES (301, 28, 380);
INSERT INTO pagat VALUES (301, 32, 380);
INSERT INTO pagat VALUES (301, 36, 380);
INSERT INTO pagat VALUES (301, 40, 380);
INSERT INTO pagat VALUES (302, 1, 340);
INSERT INTO pagat VALUES (302, 64, 340);
INSERT INTO pagat VALUES (302, 60, 340);
INSERT INTO pagat VALUES (302, 56, 340);
INSERT INTO pagat VALUES (302, 52, 340);
INSERT INTO pagat VALUES (302, 48, 340);
INSERT INTO pagat VALUES (302, 44, 340);
INSERT INTO pagat VALUES (302, 41, 340);
INSERT INTO pagat VALUES (302, 37, 340);
INSERT INTO pagat VALUES (302, 33, 340);
INSERT INTO pagat VALUES (302, 29, 340);
INSERT INTO pagat VALUES (302, 25, 340);
INSERT INTO pagat VALUES (302, 21, 340);
INSERT INTO pagat VALUES (302, 17, 340);
INSERT INTO pagat VALUES (302, 13, 340);
INSERT INTO pagat VALUES (302, 9, 340);
INSERT INTO pagat VALUES (302, 5, 340);
INSERT INTO pagat VALUES (302, 26, 340);
INSERT INTO pagat VALUES (303, 2, 320);
INSERT INTO pagat VALUES (303, 6, 320);
INSERT INTO pagat VALUES (303, 10, 320);
INSERT INTO pagat VALUES (303, 14, 320);
INSERT INTO pagat VALUES (303, 18, 320);
INSERT INTO pagat VALUES (303, 22, 320);
INSERT INTO pagat VALUES (303, 27, 320);
INSERT INTO pagat VALUES (303, 31, 320);
INSERT INTO pagat VALUES (303, 35, 320);
INSERT INTO pagat VALUES (303, 39, 320);
INSERT INTO pagat VALUES (303, 43, 320);
INSERT INTO pagat VALUES (303, 46, 320);
INSERT INTO pagat VALUES (303, 49, 320);
INSERT INTO pagat VALUES (303, 51, 320);
INSERT INTO pagat VALUES (303, 54, 320);
INSERT INTO pagat VALUES (303, 57, 320);
INSERT INTO pagat VALUES (303, 59, 320);
INSERT INTO pagat VALUES (303, 62, 320);
INSERT INTO pagat VALUES (304, 3, 300);
INSERT INTO pagat VALUES (304, 7, 300);
INSERT INTO pagat VALUES (304, 11, 300);
INSERT INTO pagat VALUES (304, 15, 300);
INSERT INTO pagat VALUES (304, 19, 300);
INSERT INTO pagat VALUES (304, 23, 300);
INSERT INTO pagat VALUES (304, 30, 300);
INSERT INTO pagat VALUES (304, 34, 300);
INSERT INTO pagat VALUES (304, 38, 300);
INSERT INTO pagat VALUES (304, 42, 300);
INSERT INTO pagat VALUES (304, 45, 300);
INSERT INTO pagat VALUES (304, 47, 300);
INSERT INTO pagat VALUES (304, 50, 300);
INSERT INTO pagat VALUES (304, 53, 300);
INSERT INTO pagat VALUES (304, 55, 300);
INSERT INTO pagat VALUES (304, 58, 300);
INSERT INTO pagat VALUES (304, 61, 300);
INSERT INTO pagat VALUES (304, 63, 300);

INSERT INTO kontratat VALUES (401, 1, 302, '2024-06-30');
INSERT INTO kontratat VALUES (402, 2, 303, '2025-07-31');
INSERT INTO kontratat VALUES (403, 3, 304, '2024-05-29');
INSERT INTO kontratat VALUES (404, 4, 301, '2023-08-28');
INSERT INTO kontratat VALUES (405, 5, 302, '2024-09-27');
INSERT INTO kontratat VALUES (406, 6, 303, '2024-08-28');
INSERT INTO kontratat VALUES (407, 7, 304, '2023-10-30');
INSERT INTO kontratat VALUES (408, 8, 301, '2024-12-28');
INSERT INTO kontratat VALUES (409, 9, 302, '2022-04-24');
INSERT INTO kontratat VALUES (410, 10, 303, '2023-02-26');
INSERT INTO kontratat VALUES (411, 11, 304, '2023-06-22');
INSERT INTO kontratat VALUES (412, 12, 301, '2023-08-24');
INSERT INTO kontratat VALUES (413, 13, 302, '2024-10-22');
INSERT INTO kontratat VALUES (414, 14, 303, '2024-12-20');
INSERT INTO kontratat VALUES (415, 15, 304, '2024-02-18');
INSERT INTO kontratat VALUES (416, 16, 301, '2024-04-16');
INSERT INTO kontratat VALUES (417, 17, 302, '2025-06-18');
INSERT INTO kontratat VALUES (418, 18, 303, '2023-08-16');
INSERT INTO kontratat VALUES (419, 19, 304, '2023-10-14');
INSERT INTO kontratat VALUES (420, 20, 301, '2025-12-12');
INSERT INTO kontratat VALUES (421, 21, 302, '2025-01-10');
INSERT INTO kontratat VALUES (422, 22, 303, '2025-03-08');
INSERT INTO kontratat VALUES (423, 23, 304, '2025-05-06');
INSERT INTO kontratat VALUES (424, 24, 301, '2025-07-04');
INSERT INTO kontratat VALUES (425, 25, 302, '2026-09-01');
INSERT INTO kontratat VALUES (426, 26, 302, '2026-11-03');
INSERT INTO kontratat VALUES (427, 27, 303, '2026-01-05');
INSERT INTO kontratat VALUES (428, 28, 301, '2024-12-31');
INSERT INTO kontratat VALUES (429, 29, 302, '2025-10-29');
INSERT INTO kontratat VALUES (430, 30, 304, '2025-08-27');
INSERT INTO kontratat VALUES (431, 31, 303, '2025-06-25');
INSERT INTO kontratat VALUES (432, 32, 301, '2025-04-23');
INSERT INTO kontratat VALUES (433, 33, 302, '2025-02-21');
INSERT INTO kontratat VALUES (434, 34, 304, '2024-12-19');
INSERT INTO kontratat VALUES (435, 35, 303, '2024-10-17');
INSERT INTO kontratat VALUES (436, 36, 301, '2024-08-15');
INSERT INTO kontratat VALUES (437, 37, 302, '2024-07-13');
INSERT INTO kontratat VALUES (438, 38, 304, '2024-06-11');
INSERT INTO kontratat VALUES (439, 39, 303, '2024-04-09');
INSERT INTO kontratat VALUES (440, 40, 301, '2024-02-07');
INSERT INTO kontratat VALUES (441, 41, 302, '2024-01-05');
INSERT INTO kontratat VALUES (442, 42, 304, '2023-11-03');
INSERT INTO kontratat VALUES (443, 43, 303, '2023-09-01');
INSERT INTO kontratat VALUES (444, 44, 302, '2023-07-29');
INSERT INTO kontratat VALUES (445, 45, 304, '2023-05-27');
INSERT INTO kontratat VALUES (446, 46, 303, '2023-03-25');
INSERT INTO kontratat VALUES (447, 47, 304, '2023-01-23');
INSERT INTO kontratat VALUES (448, 48, 302, '2026-02-21');
INSERT INTO kontratat VALUES (449, 49, 303, '2026-04-19');
INSERT INTO kontratat VALUES (450, 50, 304, '2026-06-17');
INSERT INTO kontratat VALUES (451, 51, 303, '2026-08-15');
INSERT INTO kontratat VALUES (452, 52, 302, '2026-10-13');
INSERT INTO kontratat VALUES (453, 53, 304, '2026-12-11');
INSERT INTO kontratat VALUES (454, 54, 303, '2026-10-09');
INSERT INTO kontratat VALUES (455, 55, 304, '2026-03-07');
INSERT INTO kontratat VALUES (456, 56, 302, '2026-05-09');
INSERT INTO kontratat VALUES (457, 57, 303, '2025-07-11');
INSERT INTO kontratat VALUES (458, 58, 304, '2025-09-13');
INSERT INTO kontratat VALUES (459, 59, 303, '2025-11-15');
INSERT INTO kontratat VALUES (460, 60, 302, '2025-01-17');
INSERT INTO kontratat VALUES (461, 61, 304, '2024-02-19');
INSERT INTO kontratat VALUES (462, 62, 303, '2024-03-21');
INSERT INTO kontratat VALUES (463, 63, 304, '2024-04-23');
INSERT INTO kontratat VALUES (464, 64, 302, '2024-04-24');

INSERT INTO ofertat VALUES (501, 544000000286, 0.4, '2022-01-16');
INSERT INTO ofertat VALUES (501, 90169380, 0.9, '2022-01-16');
INSERT INTO ofertat VALUES (501, 90428308, 1.0, '2022-01-16');
INSERT INTO ofertat VALUES (502, 100010001, 4.0, '2022-02-17');
INSERT INTO ofertat VALUES (502, 3900586380138, 7.2, '2022-02-17');
INSERT INTO ofertat VALUES (502, 4791014012498, 0.8, '2022-02-17');
INSERT INTO ofertat VALUES (502, 4014500511924, 0.5, '2022-02-17');
INSERT INTO ofertat VALUES (503, 4014501002858, 1.3, '2022-03-18');
INSERT INTO ofertat VALUES (503, 8005121000405, 0.9, '2022-03-18');
INSERT INTO ofertat VALUES (503, 8005121000535, 0.9, '2022-03-18');
INSERT INTO ofertat VALUES (504, 38389445509169, 0.8, '2022-04-19');
INSERT INTO ofertat VALUES (504, 9000101055856, 0.9, '2022-04-19');
INSERT INTO ofertat VALUES (504, 86907887381038, 0.4, '2022-04-19');
INSERT INTO ofertat VALUES (504, 3905308480059, 0.5, '2022-04-19');
INSERT INTO ofertat VALUES (505, 2147483647, 0.8, '2022-05-20');
INSERT INTO ofertat VALUES (505, 2334527777, 8.0, '2022-05-20');
INSERT INTO ofertat VALUES (505, 5017822, 0.35, '2022-05-20');
INSERT INTO ofertat VALUES (505, 530400001901, 2.3, '2022-05-20');
INSERT INTO ofertat VALUES (506, 3856021303069, 0.7, '2022-06-21');
INSERT INTO ofertat VALUES (506, 3900102810583, 0.2, '2022-06-21');

INSERT INTO porositë VALUES (601, 10001, '2022-01-03', 1000, 101);
INSERT INTO porositë VALUES (602, 10001, '2022-01-05', 2500.5, 102);
INSERT INTO porositë VALUES (603, 10001, '2021-12-27', 3000.5, 103);
INSERT INTO porositë VALUES (604, 10003, '2021-11-26', 3500.5, 104);
INSERT INTO porositë VALUES (605, 10002, '2021-12-31', 3720.5, 105);
INSERT INTO porositë VALUES (606, 10004, '2022-01-14', 3800.5, 106);
INSERT INTO porositë VALUES (607, 10005, '2022-01-15', 3850.0, 107);
INSERT INTO porositë VALUES (608, 10006, '2022-01-15', 2995.0, 108);
INSERT INTO porositë VALUES (609, 10007, '2021-11-20', 2990.0, 109);
INSERT INTO porositë VALUES (610, 10008, '2021-11-15', 2900.0, 110);
INSERT INTO porositë VALUES (611, 10009, '2021-11-07', 2850.0, 101);
INSERT INTO porositë VALUES (612, 10010, '2021-12-15', 4000, 101);
INSERT INTO porositë VALUES (613, 10011, '2021-12-20', 4500.0, 102);
INSERT INTO porositë VALUES (614, 10012, '2021-11-30', 5000.0, 103);
INSERT INTO porositë VALUES (615, 10013, '2021-11-22', 4550.0, 104);
INSERT INTO porositë VALUES (616, 10014, '2021-12-12', 4550.0, 105);
INSERT INTO porositë VALUES (617, 10015, '2022-01-01', 3550.0, 106);
INSERT INTO porositë VALUES (618, 10016, '2021-12-01', 2990.0, 107);
INSERT INTO porositë VALUES (619, 10017, '2021-12-09', 3000, 108);
INSERT INTO porositë VALUES (620, 10001, '2022-01-10', 4000, 101);

INSERT INTO pushimet VALUES (701, 1, '2022-01-01', '2022-01-07');
INSERT INTO pushimet VALUES (702, 2, '2022-01-01', '2022-01-07');
INSERT INTO pushimet VALUES (703, 3, '2022-02-01', '2022-02-07');
INSERT INTO pushimet VALUES (704, 4, '2022-01-08', '2022-01-14');
INSERT INTO pushimet VALUES (705, 5, '2022-01-08', '2022-01-14');
INSERT INTO pushimet VALUES (706, 6, '2022-03-01', '2022-03-07');
INSERT INTO pushimet VALUES (707, 7, '2022-01-15', '2022-01-21');
INSERT INTO pushimet VALUES (708, 8, '2022-04-01', '2022-04-07');
INSERT INTO pushimet VALUES (709, 9, '2022-05-01', '2022-05-07');
INSERT INTO pushimet VALUES (710, 10, '2022-06-01', '2022-06-07');
INSERT INTO pushimet VALUES (711, 11, '2022-07-01', '2022-07-07');
INSERT INTO pushimet VALUES (712, 12, '2022-08-01', '2022-08-07');
INSERT INTO pushimet VALUES (713, 13, '2022-09-01', '2022-09-07');
INSERT INTO pushimet VALUES (714, 14, '2022-01-22', '2022-01-28');
INSERT INTO pushimet VALUES (715, 15, '2022-01-15', '2022-01-21');
INSERT INTO pushimet VALUES (716, 16, '2022-03-08', '2022-03-14');
INSERT INTO pushimet VALUES (717, 17, '2022-06-08', '2022-06-14');
INSERT INTO pushimet VALUES (718, 18, '2022-07-08', '2022-07-14');
INSERT INTO pushimet VALUES (719, 19, '2022-09-08', '2022-09-14');
INSERT INTO pushimet VALUES (720, 20, '2022-01-29', '2022-02-03');

INSERT INTO shitjet VALUES (801, 101, 1, 1001, 50173822, '2021-12-28');
INSERT INTO shitjet VALUES (801, 101, 1, 1001, 90169380, '2021-12-28');
INSERT INTO shitjet VALUES (802, 102, 2, 1003, 90428308, '2021-12-31');
INSERT INTO shitjet VALUES (802, 102, 2, 1003, 100010001, '2021-12-31');
INSERT INTO shitjet VALUES (803, 103, 3, 1004, 2147483647, '2022-01-01');
INSERT INTO shitjet VALUES (803, 103, 3, 1004, 2334527777, '2022-01-01');
INSERT INTO shitjet VALUES (803, 103, 3, 1004, 530400001901, '2022-01-01');
INSERT INTO shitjet VALUES (804, 104, 5, 1006, 50173822, '2022-01-02');
INSERT INTO shitjet VALUES (804, 104, 5, 1006, 9000101055856, '2022-01-02');
INSERT INTO shitjet VALUES (804, 104, 5, 1006, 2147483647, '2022-01-02');
INSERT INTO shitjet VALUES (804, 104, 5, 1006, 2234527777, '2022-01-02');
INSERT INTO shitjet VALUES (804, 104, 5, 1006, 100010001, '2022-01-02');
INSERT INTO shitjet VALUES (805, 105, 6, 1007, 100010001, '2022-01-14');
INSERT INTO shitjet VALUES (805, 105, 6, 1007, 50173822, '2022-01-14');
INSERT INTO shitjet VALUES (805, 105, 6, 1007, 2334527777, '2022-01-14');
INSERT INTO shitjet VALUES (805, 105, 6, 1007, 544000000286, '2022-01-14');
INSERT INTO shitjet VALUES (806, 106, 7, 1008, 50173822, '2021-12-27');
INSERT INTO shitjet VALUES (806, 106, 7, 1008, 100010001, '2021-12-27');
INSERT INTO shitjet VALUES (806, 106, 7, 1008, 9000101055856, '2021-12-27');
INSERT INTO shitjet VALUES (806, 106, 7, 1008, 90428308, '2021-12-27');

INSERT INTO detajet_e_ofertës VALUES (501, 90169380);
INSERT INTO detajet_e_ofertës VALUES (501, 90428308);
INSERT INTO detajet_e_ofertës VALUES (501, 544000000286);
INSERT INTO detajet_e_ofertës VALUES (502, 100010001);
INSERT INTO detajet_e_ofertës VALUES (502, 3900586380138);
INSERT INTO detajet_e_ofertës VALUES (502, 4014500511924);
INSERT INTO detajet_e_ofertës VALUES (502, 4014500511924);
INSERT INTO detajet_e_ofertës VALUES (503, 4014501002858);
INSERT INTO detajet_e_ofertës VALUES (503, 8005121000405);
INSERT INTO detajet_e_ofertës VALUES (504, 3905308480059);
INSERT INTO detajet_e_ofertës VALUES (504, 9000101055856);
INSERT INTO detajet_e_ofertës VALUES (504, 38389445509169);
INSERT INTO detajet_e_ofertës VALUES (504, 86907887381038);
INSERT INTO detajet_e_ofertës VALUES (505, 5017822);
INSERT INTO detajet_e_ofertës VALUES (505, 2147483647);
INSERT INTO detajet_e_ofertës VALUES (505, 2334527777);
INSERT INTO detajet_e_ofertës VALUES (505, 530400001901);
INSERT INTO detajet_e_ofertës VALUES (506, 3856021303069);
INSERT INTO detajet_e_ofertës VALUES (506, 3900102810583);

INSERT INTO detajet_e_porosisë VALUES (101, 10001, 601, 2147483647);
INSERT INTO detajet_e_porosisë VALUES (102, 10001, 602, 90428308);
INSERT INTO detajet_e_porosisë VALUES (103, 10001, 603, 544000000286);
INSERT INTO detajet_e_porosisë VALUES (104, 10003, 604, 4791014012498);
INSERT INTO detajet_e_porosisë VALUES (105, 10002, 605, 4014500511924);
INSERT INTO detajet_e_porosisë VALUES (106, 10004, 606, 100010001);
INSERT INTO detajet_e_porosisë VALUES (107, 10005, 607, 3902634650118);
INSERT INTO detajet_e_porosisë VALUES (108, 10006, 608, 3900102810675);
INSERT INTO detajet_e_porosisë VALUES (109, 10007, 609, 9000101055856);
INSERT INTO detajet_e_porosisë VALUES (110, 10008, 610, 90169380);
INSERT INTO detajet_e_porosisë VALUES (101, 10009, 611, 530400001901);
INSERT INTO detajet_e_porosisë VALUES (101, 10010, 612, 3900720910016);
INSERT INTO detajet_e_porosisë VALUES (102, 10011, 613, 8693029604209);
INSERT INTO detajet_e_porosisë VALUES (103, 10012, 614, 5907670903349);
INSERT INTO detajet_e_porosisë VALUES (104, 10013, 615, 8681270411516);
INSERT INTO detajet_e_porosisë VALUES (105, 10014, 616, 8005121000535);
INSERT INTO detajet_e_porosisë VALUES (106, 10015, 617, 3903287660738);
INSERT INTO detajet_e_porosisë VALUES (107, 10016, 618, 2334527777);
INSERT INTO detajet_e_porosisë VALUES (108, 10017, 619, 39020766110862);
INSERT INTO detajet_e_porosisë VALUES (101, 10001, 620, 544000000286);

INSERT INTO detajet_e_shitjeve VALUES (1001, 801, 101, 50173822);
INSERT INTO detajet_e_shitjeve VALUES (1001, 801, 101, 90169380);
INSERT INTO detajet_e_shitjeve VALUES (1003, 802, 102, 90428308);
INSERT INTO detajet_e_shitjeve VALUES (1003, 802, 102, 100010001);
INSERT INTO detajet_e_shitjeve VALUES (1004, 803, 103, 2147483647);
INSERT INTO detajet_e_shitjeve VALUES (1004, 803, 103, 2334527777);
INSERT INTO detajet_e_shitjeve VALUES (1004, 803, 103, 530400001901);
INSERT INTO detajet_e_shitjeve VALUES (1006, 804, 104, 50173822);
INSERT INTO detajet_e_shitjeve VALUES (1006, 804, 104, 100010001);
INSERT INTO detajet_e_shitjeve VALUES (1006, 804, 104, 2147483647);
INSERT INTO detajet_e_shitjeve VALUES (1006, 804, 104, 2234527777);
INSERT INTO detajet_e_shitjeve VALUES (1006, 804, 104, 9000101055856);
INSERT INTO detajet_e_shitjeve VALUES (1007, 805, 105, 50173822);
INSERT INTO detajet_e_shitjeve VALUES (1007, 805, 105, 100010001);
INSERT INTO detajet_e_shitjeve VALUES (1007, 805, 105, 2334527777);
INSERT INTO detajet_e_shitjeve VALUES (1007, 805, 105, 544000000286);
INSERT INTO detajet_e_shitjeve VALUES (1008, 806, 106, 50173822);
INSERT INTO detajet_e_shitjeve VALUES (1008, 806, 106, 90428308);
INSERT INTO detajet_e_shitjeve VALUES (1008, 806, 106, 100010001);
INSERT INTO detajet_e_shitjeve VALUES (1008, 806, 106, 9000101055856);

#query1: Nxjerr totalin e shitjeve te te gjitha pikave
SELECT sum(Shitja_Çmimi) AS TotaliIshitjeve
FROM shitjet;

#query2: Tregon totalin e shitjes se nje pike
SELECT sum(Shitja_Çmimi) AS TotaliIshitjes
FROM shitjet
WHERE Pika_e_shitjes_ID = 104;

#query3: Sa ka shpenzuar nje pike e caktuar ne porosi
SELECT porositë.Pika_e_shitjes_ID, sum(Porosia_Çmimi) AS Totali_i_Shitjeve
FROM porositë 
WHERE Porosia_ID = 601;

#query4: Sa jane shpenzimet mujore ne rroga
SELECT sum(Paga) AS Shpenzimet_mujore
FROM pagat;

#query5: Mesatarja e rrogave
SELECT AVG(Paga) AS Rroga_mesatare
FROM pagat;

#query6: Klienti qe ka blere me se shumti
SELECT SUM(Shitja_Çmimi) AS Totali, shitjet.Klienti_ID, klientët.Klienti_Emri
FROM shitjet JOIN klientët ON shitjet.Klienti_ID = klientët.Klienti_ID
GROUP BY Klienti_ID
ORDER BY SUM(Shitja_Çmimi);

#query7: Produkti me i shtrenjte
SELECT Produkti_Emri, MAX(Produkti_Çmimi) AS Çmimi
FROM produktet
GROUP BY Produkti_Emri
ORDER BY MAX(Produkti_Çmimi);

#query8: Produkti me i shitur
SELECT shitjet.Produkti_Barcode, Produkti_Emri, COUNT(shitjet.Produkti_Barcode) AS NumriIshitjeve
FROM shitjet JOIN produktet ON shitjet.Produkti_Barcode = produktet.Produkti_Barcode
GROUP BY Produkti_Barcode
ORDER BY COUNT(shitjet.Produkti_Barcode) DESC;

#query9: Nga cili vend importohet me se shumti
SELECT produktet.Produkti_Origjina, COUNT(produktet.Produkti_Origjina) AS Numri
FROM produktet
group by Produkti_Origjina
order by COUNT(produktet.Produkti_Origjina) DESC;

#query10: Cila pike e shitjes ka me se shumti punetore
SELECT punëtorët.Pika_e_shitjes_ID, pikat_e_shitjes.Pika_e_shitjes_Lokacioni, count(punëtorët.Pika_e_shitjes_ID) AS NumriIPunëtorëve
FROM punëtorët JOIN pikat_e_shitjes ON punëtorët.Pika_e_shitjes_ID = pikat_e_shitjes.Pika_e_shitjes_ID
GROUP BY pikat_e_shitjes.Pika_e_shitjes_Lokacioni
ORDER BY count(punëtorët.Pika_e_shitjes_ID);

#query11: Sa ka shitur nje punetor i caktuar
SELECT shitjet.Punëtori_ID, sum(Shitja_Çmimi) AS TotaliIshitjes
FROM shitjet
WHERE shitjet.Punëtori_ID = 1;

#query12: Punetoret te cilet kane kryer trajnime
SELECT trajnimet.Punëtori_ID, punëtorët.Punëtori_Emri, punëtorët.Punëtori_Mbiemri, trajnimet.Lloji_i_trajnimit
FROM punëtorët JOIN trajnimet ON punëtorët.Punëtori_ID = trajnimet.Punëtori_ID
ORDER BY punëtorët.Punëtori_ID;
#query13: Cili qytet ka me se shumti furnizues
SELECT furnizuesit.Kompania_lokacioni, COUNT(furnizuesit.Kompania_lokacioni) AS NrIfurnizuesve
FROM furnizuesit
GROUP BY furnizuesit.Kompania_lokacioni
ORDER BY COUNT(furnizuesit.Kompania_lokacioni);
#query14: Nga cila kompani ka me se shumti produkte
SELECT produktet.Kompania_ID, count(produktet.Kompania_ID) AS NrIprodukteve, furnizuesit.Kompania_Emri
FROM produktet JOIN furnizuesit ON produktet.Kompania_ID = furnizuesit.Kompania_ID
GROUP BY produktet.Kompania_ID
ORDER BY count(produktet.Kompania_ID);
#query15: Mesatarja e cmimeve te produkteve
SELECT AVG(produktet.Produkti_Çmimi) AS MesatarjaEçmimeve
FROM produktet;